# OurAirports airports.csv, filtered and vendored. Nothing here is typed by hand.
#
# Source     https://davidmegginson.github.io/ourairports-data/airports.csv
# Licence    Public domain (OurAirports releases its data into the public domain)
# Retrieved  2026-09-20
# Filter     iso_country = IN, iata_code non-empty, scheduled_service = yes
# Rows       116
# Columns    kept verbatim from the source, unused source columns dropped
#
# Refreshing this file: re-run the filter above against a fresh download. Do not
# edit rows in place. A correction belongs upstream in OurAirports, so the next
# refresh does not silently undo it.
#
# Lines beginning with # are skipped by the loader. Everything after is RFC 4180.
"ident","type","name","latitude_deg","longitude_deg","elevation_ft","continent","iso_country","iso_region","municipality","scheduled_service","icao_code","iata_code","wikipedia_link"
"VIAG","medium_airport","Agra Airport / Agra Air Force Station","27.157975","77.961025","551","AS","IN","IN-UP","Agra","yes","VIAG","AGR","https://en.wikipedia.org/wiki/Agra_Airport"
"VOAT","medium_airport","Agatti Airport","10.8237","72.176003","14","AS","IN","IN-LD","Agatti","yes","VOAT","AGX","https://en.wikipedia.org/wiki/Agatti_Aerodrome"
"IN-0393","medium_airport","Maa Mahamaya Airport","22.98753","83.19612","1930","AS","IN","IN-CT","Ambikapur","yes","VEAP","AHA","https://en.wikipedia.org/wiki/Maa_Mahamaya_Airport"
"VIAX","small_airport","Adampur Airport","31.4338","75.758797","775","AS","IN","IN-PB","Adampur","yes","VIAX","AIP","https://en.wikipedia.org/wiki/Adampur_Air_Force_Base"
"VELP","medium_airport","Lengpui Airport","23.840599","92.619698","1398","AS","IN","IN-MZ","Aizawl (Lengpui)","yes","VELP","AJL","https://en.wikipedia.org/wiki/Lengpui_Airport"
"VAAH","large_airport","Sardar Vallabh Patel International Airport","23.0772","72.634697","189","AS","IN","IN-GJ","Ahmedabad","yes","VAAH","AMD","https://en.wikipedia.org/wiki/Sardar_Vallabhbhai_Patel_International_Airport"
"VIAR","large_airport","Sri Guru Ram Das Ji International Airport","31.7096","74.797302","756","AS","IN","IN-PB","Amritsar","yes","VIAR","ATQ","https://en.wikipedia.org/wiki/Sri_Guru_Ram_Dass_Jee_International_Airport"
"IN-0065","medium_airport","Amravati  Airport","20.814608","77.717765","1125","AS","IN","IN-MM","Amravati","yes","VAAM","AVR","https://en.wikipedia.org/wiki/Amravati_Airport"
"IN-0025","medium_airport","Maharshi Valmiki International Airport","26.747736","82.163664","335","AS","IN","IN-UP","Faizabad","yes","VEAY","AYJ","https://en.wikipedia.org/wiki/Ayodhya_Airport"
"VEBS","large_airport","Biju Patnaik International Airport","20.251021","85.814747","138","AS","IN","IN-OR","Bhubaneswar","yes","VEBS","BBI","https://en.wikipedia.org/wiki/Biju_Patnaik_Airport"
"VABO","large_airport","Vadodara International Airport","22.336201","73.226303","129","AS","IN","IN-GJ","Vadodara","yes","VABO","BDQ","https://en.wikipedia.org/wiki/Vadodara_Airport"
"VIBY","medium_airport","Bareilly Air Force Station","28.4221","79.450798","580","AS","IN","IN-UP","Bareilly","yes","VIBY","BEK","https://en.wikipedia.org/wiki/Trishul_Air-base"
"VABJ","medium_airport","Bhuj Airport","23.2877998352","69.6701965332","268","AS","IN","IN-GJ","Bhuj","yes","VABJ","BHJ","https://en.wikipedia.org/wiki/Bhuj_Airport"
"VABP","large_airport","Raja Bhoj International Airport","23.2875","77.337402","1711","AS","IN","IN-MP","Bhopal","yes","VABP","BHO","https://en.wikipedia.org/wiki/Bhopal_Airport"
"VABV","medium_airport","Bhavnagar Airport","21.752199173","72.1852035522","44","AS","IN","IN-GJ","Bhavnagar","yes","VABV","BHU","https://en.wikipedia.org/wiki/Bhavnagar_Airport"
"VOBL","large_airport","Kempegowda International Airport Bengaluru","13.1979","77.706299","3000","AS","IN","IN-KA","Bengaluru","yes","VOBL","BLR","https://en.wikipedia.org/wiki/Kempegowda_International_Airport"
"VABB","large_airport","Chhatrapati Shivaji Maharaj International Airport","19.088699","72.867897","39","AS","IN","IN-MM","Mumbai","yes","VABB","BOM","https://en.wikipedia.org/wiki/Chhatrapati_Shivaji_International_Airport"
"VOCL","large_airport","Calicut International Airport","11.135996","75.955152","342","AS","IN","IN-KL","Calicut","yes","VOCL","CCJ","https://en.wikipedia.org/wiki/Calicut_International_Airport"
"VECC","large_airport","Netaji Subhash Chandra Bose International Airport","22.654012","88.44765","16","AS","IN","IN-WB","Kolkata","yes","VECC","CCU","https://en.wikipedia.org/wiki/Netaji_Subhash_Chandra_Bose_International_Airport"
"VOCP","medium_airport","Kadapa Airport","14.513154","78.769183","430","AS","IN","IN-AP","Kadapa","yes","VOCP","CDP","https://en.wikipedia.org/wiki/Kadapa_Airport"
"VOCB","large_airport","Coimbatore International Airport","11.03","77.043404","1324","AS","IN","IN-TN","Coimbatore","yes","VOCB","CJB","https://en.wikipedia.org/wiki/Coimbatore_Airport"
"VOKN","large_airport","Kannur International Airport","11.916343","75.544979","330","AS","IN","IN-KL","Kannur","yes","VOKN","CNN","https://en.wikipedia.org/wiki/Kannur_International_Airport"
"VOCI","large_airport","Cochin International Airport","10.151047","76.400838","30","AS","IN","IN-KL","Kochi","yes","VOCI","COK","https://en.wikipedia.org/wiki/Cochin_International_Airport"
"VEDH","medium_airport","Darbhanga Airport","26.192801","85.916901","156","AS","IN","IN-BR","Darbhanga","yes","VEDH","DBR","https://en.wikipedia.org/wiki/Darbhanga_Airport"
"VIDN","medium_airport","Dehradun Jolly Grant Airport","30.189243","78.176651","1831","AS","IN","IN-UT","Dehradun (Jauligrant)","yes","VIDN","DED","https://en.wikipedia.org/wiki/Jolly_Grant_Airport"
"VIDP","large_airport","Indira Gandhi International Airport","28.55563","77.09519","777","AS","IN","IN-DL","New Delhi","yes","VIDP","DEL","https://en.wikipedia.org/wiki/Indira_Gandhi_International_Airport"
"VEDO","small_airport","Deoghar Airport","24.446842","86.704955","361","AS","IN","IN-JH","Deoghar","yes","VEDO","DGH","https://en.wikipedia.org/wiki/Deoghar_Airport"
"VIGG","medium_airport","Kangra Airport","32.164902","76.263018","2525","AS","IN","IN-HP","Kangra","yes","VIGG","DHM","https://en.wikipedia.org/wiki/Kangra_Airport"
"VEMN","medium_airport","Dibrugarh Airport","27.4839000702","95.0168991089","362","AS","IN","IN-AS","Dibrugarh","yes","VEMN","DIB","https://en.wikipedia.org/wiki/Dibrugarh_Airport"
"VA1P","small_airport","Diu Airport","20.714185","70.921855","31","AS","IN","IN-DH","Diu","yes","VADU","DIU","https://en.wikipedia.org/wiki/Diu_Airport"
"VEMR","medium_airport","Dimapur Airport","25.883899688699998","93.77110290530001","487","AS","IN","IN-NL","Dimapur","yes","VEMR","DMU","https://en.wikipedia.org/wiki/Dimapur_Airport"
"IN-0392","large_airport","Noida International Airport","28.179868","77.611843","644","AS","IN","IN-UP","Gautam Buddha Nagar","yes","VIND","DXN","https://en.wikipedia.org/wiki/Noida_International_Airport"
"VEGT","large_airport","Lokpriya Gopinath Bordoloi International Airport","26.106654","91.585226","162","AS","IN","IN-AS","Guwahati","yes","VEGT","GAU","https://en.wikipedia.org/wiki/Lokpriya_Gopinath_Bordoloi_International_Airport"
"VEGY","medium_airport","Gaya Airport","24.744301","84.951202","380","AS","IN","IN-BR","Gaya","yes","VEGY","GAY","https://en.wikipedia.org/wiki/Gaya_Airport"
"VOGB","small_airport","Kalaburagi Airport","17.308154","76.965246","1571","AS","IN","IN-KA","Kalaburagi","yes","VOGB","GBI","https://en.wikipedia.org/wiki/Kalaburagi_Airport"
"VA2C","medium_airport","Gondia Airport","21.526817","80.290347","987","AS","IN","IN-MM","Gondia","yes","VAGD","GDB","https://en.wikipedia.org/wiki/Gondia_Airport"
"VOGO","large_airport","Goa Dabolim International Airport","15.380062","73.833328","150","AS","IN","IN-GA","Vasco da Gama","yes","VOGO","GOI","https://en.wikipedia.org/wiki/Dabolim_Airport"
"VEGK","medium_airport","Gorakhpur Airport","26.739700317399997","83.4496994019","259","AS","IN","IN-UP","Gorakhpur","yes","VEGK","GOP","https://en.wikipedia.org/wiki/Gorakhpur_Airport"
"VOGA","large_airport","Manohar International Airport","15.744257","73.860625","552","AS","IN","IN-GA","Mopa","yes","VOGA","GOX","https://en.wikipedia.org/wiki/Manohar_International_Airport"
"VIGR","medium_airport","Gwalior Airport","26.29330062866211","78.22779846191406","617","AS","IN","IN-MP","Gwalior","yes","VIGR","GWL","https://en.wikipedia.org/wiki/Gwalior_Airport"
"VAHB","medium_airport","Hubballi Airport","15.361084","75.082096","2171","AS","IN","IN-KA","Hubballi","yes","VOHB","HBX","https://en.wikipedia.org/wiki/Hubli_Airport"
"VIDX","small_airport","Hindon Airport / Hindon Air Force Station","28.707701","77.358902","700","AS","IN","IN-UP","Ghaziabad","yes","VIDX","HDO","https://en.wikipedia.org/wiki/Hindon_Airport"
"IN-0308","medium_airport","Itanagar Donyi Polo Hollongi Airport","26.96683","93.638792","328","AS","IN","IN-AR","Hollongi","yes","VEHO","HGI","https://en.wikipedia.org/wiki/Itanagar_Airport"
"VAKJ","medium_airport","Khajuraho Airport","24.8172","79.918602","728","AS","IN","IN-MP","Khajuraho","yes","VEKO","HJR","https://en.wikipedia.org/wiki/Khajuraho_Airport"
"VAHS","large_airport","Rajkot International Airport","22.378824","71.039391","647","AS","IN","IN-GJ","Rajkot","yes","VAHS","HSR","https://en.wikipedia.org/wiki/Rajkot_International_Airport"
"VIHR","large_airport","Maharaja Agrasen International Airport","29.186065","75.74142","700","AS","IN","IN-HR","Hisar","yes","VIHR","HSS","https://en.wikipedia.org/wiki/Hisar_Airport"
"VIHX","large_airport","Halwara International Airport","30.748501","75.629799","790","AS","IN","IN-PB","Halwara","yes","VIHX","HWR","https://en.wikipedia.org/wiki/Ludhiana_Halwara_International_Airport"
"VOHS","large_airport","Rajiv Gandhi International Airport","17.231318","78.429855","2024","AS","IN","IN-TG","Hyderabad","yes","VOHS","HYD","https://en.wikipedia.org/wiki/Rajiv_Gandhi_International_Airport"
"VAID","large_airport","Devi Ahilya Bai Holkar International Airport","22.721404","75.80051","1850","AS","IN","IN-MP","Indore","yes","VAID","IDR","https://en.wikipedia.org/wiki/Devi_Ahilyabai_Holkar_International_Airport"
"VEIM","large_airport","Bir Tikendrajit International Airport","24.76","93.896698","2540","AS","IN","IN-MN","Imphal","yes","VEIM","IMF","https://en.wikipedia.org/wiki/Imphal_Airport"
"VAOZ","large_airport","Nashik International Airport","20.119101","73.912903","1900","AS","IN","IN-MM","Nashik","yes","VAOZ","ISK","https://en.wikipedia.org/wiki/Nashik_Airport"
"VEAT","medium_airport","Agartala - Maharaja Bir Bikram Airport","23.886999","91.240402","46","AS","IN","IN-TR","Agartala","yes","VEAT","IXA","https://en.wikipedia.org/wiki/Agartala_Airport"
"VEBD","large_airport","Bagdogra Airport","26.6812","88.328598","412","AS","IN","IN-WB","Siliguri","yes","VEBD","IXB","https://en.wikipedia.org/wiki/Bagdogra_Airport"
"VICG","large_airport","Shaheed Bhagat Singh International Airport","30.6735","76.788498","1012","AS","IN","IN-CH","Chandigarh","yes","VICG","IXC","https://en.wikipedia.org/wiki/Chandigarh_Airport"
"VIAL","medium_airport","Prayagraj Airport","25.4401","81.733902","322","AS","IN","IN-UP","Allahabad","yes","VEAB","IXD","https://en.wikipedia.org/wiki/Prayagraj_Airport"
"VOML","large_airport","Mangaluru International Airport","12.95471","74.886812","337","AS","IN","IN-KA","Mangaluru","yes","VOML","IXE","https://en.wikipedia.org/wiki/Mangalore_International_Airport"
"VABM","medium_airport","Belagavi Airport","15.8593","74.618301","2487","AS","IN","IN-KA","Belgaum","yes","VOBM","IXG","https://en.wikipedia.org/wiki/Belgaum_Airport"
"VELR","medium_airport","Lilabari North Lakhimpur Airport","27.295682","94.097266","330","AS","IN","IN-AS","Lilabari","yes","VELR","IXI","https://en.wikipedia.org/wiki/Lilabari_Airport"
"VIJU","medium_airport","Jammu Airport","32.688849","74.838152","996","AS","IN","IN-JK","Jammu","yes","VIJU","IXJ","https://en.wikipedia.org/wiki/Jammu_Airport"
"VAKS","medium_airport","Keshod Airport","21.317101","70.270401","167","AS","IN","IN-GJ","Keshod","yes","VAKS","IXK","https://en.wikipedia.org/wiki/Keshod_Airport"
"VILH","medium_airport","Leh Kushok Bakula Rimpochee Airport","34.135899","77.546501","10682","AS","IN","IN-LA","Leh","yes","VILH","IXL","https://en.wikipedia.org/wiki/Leh_Kushok_Bakula_Rimpochee_Airport"
"VOMD","medium_airport","Madurai Airport","9.83450984955","78.09339904790001","459","AS","IN","IN-TN","Madurai","yes","VOMD","IXM","https://en.wikipedia.org/wiki/Madurai_Airport"
"VIPK","medium_airport","Pathankot Airport","32.233611","75.634444","1017","AS","IN","IN-PB","Pathankot","yes","VIPK","IXP","https://en.wikipedia.org/wiki/Pathankot_Airport"
"VERC","medium_airport","Birsa Munda Airport","23.314300537100003","85.3217010498","2148","AS","IN","IN-JH","Ranchi","yes","VERC","IXR","https://en.wikipedia.org/wiki/Birsa_Munda_Airport"
"VEKU","medium_airport","Silchar Airport","24.9129009247","92.97869873050001","352","AS","IN","IN-AS","Silchar","yes","VEKU","IXS","https://en.wikipedia.org/wiki/Silchar_Airport"
"VAAU","medium_airport","Aurangabad Airport","19.862875","75.396312","1911","AS","IN","IN-MM","Aurangabad","yes","VAAU","IXU","https://en.wikipedia.org/wiki/Aurangabad_Airport"
"VAKE","medium_airport","Kandla Airport","23.1127","70.100304","96","AS","IN","IN-GJ","Kandla","yes","VAKE","IXY","https://en.wikipedia.org/wiki/Kandla_Airport"
"VOPB","large_airport","Veer Savarkar International Airport / INS Utkrosh","11.640194","92.72902","13","AS","IN","IN-AN","Port Blair","yes","VOPB","IXZ","https://en.wikipedia.org/wiki/Veer_Savarkar_International_Airport"
"VIJP","large_airport","Jaipur International Airport","26.8242","75.812202","1263","AS","IN","IN-RJ","Jaipur","yes","VIJP","JAI","https://en.wikipedia.org/wiki/Jaipur_International_Airport"
"VIJO","medium_airport","Jodhpur Airport","26.251100540161133","73.04889678955078","717","AS","IN","IN-RJ","Jodhpur","yes","VIJO","JDH","https://en.wikipedia.org/wiki/Jodhpur_Airport"
"VAJM","medium_airport","Jamnagar Airport","22.465499877929688","70.01260375976562","69","AS","IN","IN-GJ","Jamnagar","yes","VAJM","JGA","https://en.wikipedia.org/wiki/Jamnagar_Airport"
"IN-JGB","small_airport","Jagdalpur Airport","19.074301","82.036797","1822","AS","IN","IN-CT","Jagdalpur","yes","VEJR","JGB","https://en.wikipedia.org/wiki/Jagdalpur_Airport"
"VAJL","small_airport","Jalgaon Airport","20.962678","75.627492","818","AS","IN","IN-MM","Jalgaon","yes","VAJL","JLG","https://en.wikipedia.org/wiki/Jalgaon_Airport"
"VAJB","medium_airport","Jabalpur Airport","23.177799","80.052002","1624","AS","IN","IN-MP","Jabalpur","yes","VAJB","JLR","https://en.wikipedia.org/wiki/Jabalpur_Airport"
"VEJH","small_airport","Jharsuguda Airport","21.9135","84.0504","751","AS","IN","IN-OR","","yes","VEJH","JRG","https://en.wikipedia.org/wiki/Jharsuguda_Airport"
"VEJT","medium_airport","Jorhat Airport","26.730456","94.175416","311","AS","IN","IN-AS","Jorhat","yes","VEJT","JRH","https://en.wikipedia.org/wiki/Jorhat_Airport"
"VIJR","medium_airport","Jaisalmer Airport","26.8887","70.864998","751","AS","IN","IN-RJ","","yes","VIJR","JSA","https://en.wikipedia.org/wiki/Jaisalmer_Airport"
"VOKU","medium_airport","Kurnool Airport","15.716288","78.16923","920","AS","IN","IN-AP","Orvakal","yes","VOKU","KJB","https://en.wikipedia.org/wiki/Kurnool_Airport"
"VAKP","medium_airport","Kolhapur Airport","16.6647","74.289398","1996","AS","IN","IN-MM","Kolhapur","yes","VAKP","KLH","https://en.wikipedia.org/wiki/Kolhapur_Airport"
"VICX","medium_airport","Kanpur Airport","26.404301","80.410103","410","AS","IN","IN-UP","Kanpur","yes","VECX","KNU","https://en.wikipedia.org/wiki/Kanpur_Airport"
"VIKG","medium_airport","Kishangarh Airport Ajmer","26.591007","74.812956","","AS","IN","IN-RJ","Ajmer (Kishangarh)","yes","VIKG","KQH","https://en.wikipedia.org/wiki/Kishangarh_Airport"
"VIBR","medium_airport","Kullu Manali Airport","31.876699","77.154404","3573","AS","IN","IN-HP","Bhuntar","yes","VIBR","KUU","https://en.wikipedia.org/wiki/Kullu%E2%80%93Manali_Airport"
"VILK","large_airport","Chaudhary Charan Singh International Airport","26.760599","80.889297","410","AS","IN","IN-UP","Lucknow","yes","VILK","LKO","https://en.wikipedia.org/wiki/Amausi_Airport"
"VALT","medium_airport","Murod Kond Airport","18.411501","76.464699","2136","AS","IN","IN-MM","Latur","yes","VALT","LTU","https://en.wikipedia.org/wiki/Latur_Airport"
"VOMM","large_airport","Chennai International Airport","12.990005","80.169296","52","AS","IN","IN-TN","Chennai","yes","VOMM","MAA","https://en.wikipedia.org/wiki/Chennai_International_Airport"
"VOMY","medium_airport","Mysore Airport","12.229751","76.653683","2349","AS","IN","IN-KA","Mysore","yes","VOMY","MYQ","https://en.wikipedia.org/wiki/Mysore_Airport"
"VIMB","medium_airport","Moradabad Airport","28.81746","78.92187","637","AS","IN","IN-UP","Moradabad","yes","VIMB","MZS","https://en.wikipedia.org/wiki/Moradabad_Airport"
"VANP","large_airport","Dr. Babasaheb Ambedkar International Airport","21.092199","79.047203","1033","AS","IN","IN-MM","Nagpur","yes","VANP","NAG","https://en.wikipedia.org/wiki/Dr._Babasaheb_Ambedkar_International_Airport"
"VAND","medium_airport","Nanded Airport","19.1833","77.316704","1250","AS","IN","IN-MM","Nanded","yes","VAND","NDC","https://en.wikipedia.org/wiki/Nanded_Airport"
"IN-0276","large_airport","Navi Mumbai International Airport","18.984597","73.065253","184","AS","IN","IN-MM","Navi Mumbai","yes","VANM","NMI","https://en.wikipedia.org/wiki/Navi_Mumbai_International_Airport"
"VEBU","medium_airport","Bilaspur Airport","21.9884","82.111","899","AS","IN","IN-CT","Bilaspur","yes","VEBU","PAB","https://en.wikipedia.org/wiki/Bilaspur_Airport"
"VEPT","medium_airport","Jay Prakash Narayan Airport","25.591299","85.087997","170","AS","IN","IN-BR","Patna","yes","VEPT","PAT","https://en.wikipedia.org/wiki/Jay_Prakash_Narayan_Airport"
"VAPR","medium_airport","Porbandar Airport","21.649524","69.656405","23","AS","IN","IN-GJ","Porbandar","yes","VAPR","PBD","https://en.wikipedia.org/wiki/Porbandar_Airport"
"VIPT","medium_airport","Pantnagar Airport","29.0334","79.473701","769","AS","IN","IN-UP","Pantnagar","yes","VIPT","PGH","https://en.wikipedia.org/wiki/Pantnagar_Airport"
"VAPO","large_airport","Pune International Airport","18.5821","73.919701","1942","AS","IN","IN-MM","Pune","yes","VAPO","PNQ","https://en.wikipedia.org/wiki/Pune_Airport"
"VOPC","medium_airport","Pondicherry Airport","11.968","79.812","134","AS","IN","IN-PY","Puducherry (Pondicherry)","yes","VOPC","PNY","https://en.wikipedia.org/wiki/Pondicherry_Airport"
"VEDG","medium_airport","Kazi Nazrul Islam Airport","23.6225","87.243","300","AS","IN","IN-WB","Durgapur","yes","VEDG","RDP","https://en.wikipedia.org/wiki/Kazi_Nazrul_Islam_Airport"
"VA1G","medium_airport","Rewa Airport, Chorhata, REWA","24.503401","81.220299","1000","AS","IN","IN-MP","Rewa","yes","VERW","REW","https://en.wikipedia.org/wiki/Rewa_Airport"
"VORY","medium_airport","Rajahmundry Airport","17.105799","81.813204","151","AS","IN","IN-AP","Madhurapudi","yes","VORY","RJA","https://en.wikipedia.org/wiki/Rajahmundry_Airport"
"VARP","medium_airport","Swami Vivekananda Airport","21.180401","81.7388","1041","AS","IN","IN-CT","Raipur","yes","VERP","RPR","https://en.wikipedia.org/wiki/Swami_Vivekananda_Airport"
"VASD","large_airport","Shirdi International Airport","19.689211","74.373655","1926","AS","IN","IN-MM","Kakadi","yes","VASD","SAG","https://en.wikipedia.org/wiki/Shirdi_Airport"
"IN-0107","medium_airport","Sindhudurg Airport","16.002552","73.529846","203","AS","IN","IN-MM","Chipi","yes","VOSR","SDW","https://en.wikipedia.org/wiki/Sindhudurg_Airport"
"VEBI","medium_airport","Shillong Airport","25.70359992980957","91.97869873046875","2910","AS","IN","IN-ML","Shillong","yes","VEBI","SHL","https://en.wikipedia.org/wiki/Shillong_Airport"
"VASU","large_airport","Surat International Airport","21.115531","72.743251","16","AS","IN","IN-GJ","Surat","yes","VASU","STV","https://en.wikipedia.org/wiki/Surat_Airport"
"VISR","large_airport","Srinagar International Airport","33.987099","74.7742","5429","AS","IN","IN-JK","Srinagar","yes","VISR","SXR","https://en.wikipedia.org/wiki/Srinagar_Airport"
"VOTK","small_airport","Tuticorin Airport","8.724241","78.025803","129","AS","IN","IN-TN","Vagaikulam","yes","VOTK","TCR","https://en.wikipedia.org/wiki/Tuticorin_Airport"
"VETZ","medium_airport","Tezpur Airport","26.7091007232666","92.78469848632812","240","AS","IN","IN-AS","","yes","VETZ","TEZ","https://en.wikipedia.org/wiki/Tezpur_Airport"
"VOTP","large_airport","Tirupati International Airport","13.631988","79.539869","350","AS","IN","IN-AP","Tirupati","yes","VOTP","TIR","https://en.wikipedia.org/wiki/Tirupati_Airport"
"VOTV","large_airport","Thiruvananthapuram International Airport","8.481889","76.920029","15","AS","IN","IN-KL","Thiruvananthapuram","yes","VOTV","TRV","https://en.wikipedia.org/wiki/Trivandrum_International_Airport"
"VOTR","large_airport","Tiruchirappalli International Airport","10.762915","78.717741","288","AS","IN","IN-TN","Tiruchirappalli","yes","VOTR","TRZ","https://en.wikipedia.org/wiki/Tiruchirappalli_International_Airport"
"VAUD","medium_airport","Maharana Pratap Airport","24.617700576799997","73.89610290530001","1684","AS","IN","IN-RJ","Udaipur","yes","VAUD","UDR","https://en.wikipedia.org/wiki/Udaipur_Airport"
"VEUK","medium_airport","Utkela Airport","20.097778","83.183333","685","AS","IN","IN-OR","Bhawanipatna","yes","VEUK","UKE","https://en.wikipedia.org/wiki/Utkela_Airport"
"VOBZ","large_airport","Vijayawada International Airport","16.530011","80.804888","82","AS","IN","IN-AP","Vijayawada","yes","VOBZ","VGA","https://en.wikipedia.org/wiki/Vijayawada_Airport"
"VEBN","large_airport","Lal Bahadur Shastri International Airport","25.452171","82.862549","266","AS","IN","IN-UP","Varanasi","yes","VEBN","VNS","https://en.wikipedia.org/wiki/Lal_Bahadur_Shastri_Airport"
"VISV","small_airport","Shravasti Airport","27.499732","82.032927","366","AS","IN","IN-UP","Shravasti","yes","VISV","VSV","https://en.wikipedia.org/wiki/Shravasti_Airport"
"VOVI","large_airport","Alluri Sitarama Raju International Airport (Vizag)","17.971512","83.503617","188","AS","IN","IN-AP","Visakhapatnam","yes","VOVI","VTZ","https://en.wikipedia.org/wiki/Alluri_Sitarama_Raju_International_Airport"
